INSERT INTO tenants (id,name,short,nit,plan,"active","createdAt","updatedAt") VALUES
  ('cb3e8939-921d-4507-8510-f57176adc8f1','GeoAndes Drilling S.A.S.','GA','900.123.456-7','ENTERPRISE',true,NOW(),NOW()),
  ('4ead0a38-d50d-4fe8-9690-7c54cb679dde','PerfoCol Servicios Mineros','PC','901.876.554-2','PROFESSIONAL',true,NOW(),NOW()),
  ('80aa5fe4-0a26-4d4a-8db6-2e755958cdca','MinTech Field Operations','MT','900.554.221-9','STARTER',true,NOW(),NOW())
ON CONFLICT DO NOTHING;

INSERT INTO users (id,"tenantId",email,"passwordHash",name,role,avatar,color,phone,position,eps,arl,shift,"active","mfaEnabled","createdAt","updatedAt") VALUES
  ('4bea3bed-784c-449e-ac25-3d1e8527a9dc','cb3e8939-921d-4507-8510-f57176adc8f1','admin@geoandes.co','$2a$12$Z1JLLDm0hMzUst11d/vGmOYu1L7OKnQ7dmhD7j2YQYGHihmcNuPaK','Admin GeoAndes','ADMIN','AG','#2563EB','+57 300 000 0001','Administrador','Sura','Positiva','Día',true,false,NOW(),NOW()),
  ('59f257fc-0210-4532-a4a7-49d6b2ac48b5','cb3e8939-921d-4507-8510-f57176adc8f1','crestrepo@geoandes.co','$2a$12$Z1JLLDm0hMzUst11d/vGmOYu1L7OKnQ7dmhD7j2YQYGHihmcNuPaK','Carlos Restrepo','MANAGER','CR','#1E3A8A','+57 310 555 0012','Geólogo Senior','Sura','Positiva','Día',true,false,NOW(),NOW()),
  ('34880c8e-776b-4de1-9baf-9e3dec5e5fe5','cb3e8939-921d-4507-8510-f57176adc8f1','avelez@geoandes.co','$2a$12$Z1JLLDm0hMzUst11d/vGmOYu1L7OKnQ7dmhD7j2YQYGHihmcNuPaK','Ana Vélez','FIELD','AV','#B45309','+57 311 887 4421','Supervisora HSE','Sanitas','Sura','Día',true,false,NOW(),NOW()),
  ('bd589648-c39c-4e1b-9751-ee25f231628d','cb3e8939-921d-4507-8510-f57176adc8f1','jquintero@geoandes.co','$2a$12$Z1JLLDm0hMzUst11d/vGmOYu1L7OKnQ7dmhD7j2YQYGHihmcNuPaK','Jhon Quintero','FIELD','JQ','#047857','+57 312 220 7755','Operador de perforación','Nueva EPS','Positiva','Noche',true,false,NOW(),NOW()),
  ('bdefd27b-64d2-4df4-9b8d-cfdcf5611db8','cb3e8939-921d-4507-8510-f57176adc8f1','lgomez@geoandes.co','$2a$12$Z1JLLDm0hMzUst11d/vGmOYu1L7OKnQ7dmhD7j2YQYGHihmcNuPaK','Luisa Gómez','FIELD','LG','#0EA5E9','+57 313 990 1188','Topógrafa','Sura','Colmena','Día',true,false,NOW(),NOW()),
  ('f6017c4f-aafe-42cc-9b10-bc729919b570','cb3e8939-921d-4507-8510-f57176adc8f1','mcardenas@geoandes.co','$2a$12$Z1JLLDm0hMzUst11d/vGmOYu1L7OKnQ7dmhD7j2YQYGHihmcNuPaK','Mateo Cárdenas','FIELD','MC','#6D28D9','+57 315 442 0099','Asistente perforación','Compensar','Sura','Noche',true,false,NOW(),NOW()),
  ('2bcd6ba3-e01d-4cce-8c4c-80a2092d3caa','cb3e8939-921d-4507-8510-f57176adc8f1','ycabrera@geoandes.co','$2a$12$Z1JLLDm0hMzUst11d/vGmOYu1L7OKnQ7dmhD7j2YQYGHihmcNuPaK','Yulieth Cabrera','FIELD','YC','#0A2540','+57 318 220 1100','Geóloga Junior','Sura','Positiva','Día',true,false,NOW(),NOW()),
  ('e52b6417-28dc-4063-a993-b8a38ca6d7da','cb3e8939-921d-4507-8510-f57176adc8f1','dbeltran@geoandes.co','$2a$12$Z1JLLDm0hMzUst11d/vGmOYu1L7OKnQ7dmhD7j2YQYGHihmcNuPaK','Diego Beltrán','FIELD','DB','#334155','+57 319 778 5544','Conductor 4×4','Nueva EPS','Positiva','Día',true,false,NOW(),NOW()),
  ('fde52d28-04c5-43d1-a50a-48b8e98b379d','cb3e8939-921d-4507-8510-f57176adc8f1','psanin@geoandes.co','$2a$12$Z1JLLDm0hMzUst11d/vGmOYu1L7OKnQ7dmhD7j2YQYGHihmcNuPaK','Paola Sanín','FIELD','PS','#B91C1C','+57 320 110 8822','Geofísica','Sanitas','Sura','Día',true,false,NOW(),NOW()),
  ('34b1da17-e185-4efd-b7d9-ddb052390105','cb3e8939-921d-4507-8510-f57176adc8f1','emarin@geoandes.co','$2a$12$Z1JLLDm0hMzUst11d/vGmOYu1L7OKnQ7dmhD7j2YQYGHihmcNuPaK','Esteban Marín','FIELD','EM','#047857','+57 321 220 7700','Operador de perforación','Sura','Positiva','Día',true,false,NOW(),NOW()),
  ('80c92515-5082-4c04-b169-d7ffb11523df','cb3e8939-921d-4507-8510-f57176adc8f1','npardo@geoandes.co','$2a$12$Z1JLLDm0hMzUst11d/vGmOYu1L7OKnQ7dmhD7j2YQYGHihmcNuPaK','Nicolás Pardo','MANAGER','NP','#2563EB','+57 322 555 1100','Coordinador comercial','Sanitas','Sura','Día',true,false,NOW(),NOW())
ON CONFLICT DO NOTHING;

INSERT INTO clients (id,"tenantId",name,nit,contact,email,phone,region,tier,logo,color,ltv,"active","createdAt","updatedAt") VALUES
  ('a114c2ae-ee1e-4c14-b565-f91492473e65','cb3e8939-921d-4507-8510-f57176adc8f1','Cerrejón','860.069.804-5','Andrea Martínez','amartinez@cerrejon.com','+57 5 350 5555','La Guajira','A','CJ','#0A2540',5840000000,true,NOW(),NOW()),
  ('66d61774-6ec6-4e4f-af75-f10ca6b45ba9','cb3e8939-921d-4507-8510-f57176adc8f1','Drummond Ltd.','800.021.308-5','Ricardo Lugo','rlugo@drummondltd.com','+57 5 423 9000','Cesar','A','DR','#1E3A8A',4120000000,true,NOW(),NOW()),
  ('a721833b-751e-4d81-ba78-8f40ac19c85c','cb3e8939-921d-4507-8510-f57176adc8f1','Mineros S.A.','890.904.713-0','Catalina Ríos','crios@mineros.com.co','+57 4 266 3500','Antioquia','B','MS','#047857',3220000000,true,NOW(),NOW()),
  ('509e99cc-442c-4231-9b23-b19c92b77a04','cb3e8939-921d-4507-8510-f57176adc8f1','Continental Gold','900.331.881-1','Sebastián Pulido','s.pulido@continentalgold.co','+57 4 444 1212','Antioquia','A','CG','#B45309',6300000000,true,NOW(),NOW()),
  ('6a05590f-978c-42c0-878b-cdd9647a36ad','cb3e8939-921d-4507-8510-f57176adc8f1','Gran Colombia Gold','900.245.601-3','M. F. Ortiz','mortiz@gcgold.com','+57 4 320 1010','Antioquia','B','GC','#6D28D9',1980000000,true,NOW(),NOW()),
  ('379324b1-e7bc-4622-af97-f7063920a05a','cb3e8939-921d-4507-8510-f57176adc8f1','Carbones del Cesar','892.300.150-8','Hernán Olivares','h.olivares@cardelcesar.co','+57 5 580 4040','Cesar','C','CC','#334155',1120000000,true,NOW(),NOW())
ON CONFLICT DO NOTHING;

INSERT INTO projects (id,"tenantId","clientId","ownerId",code,name,service,region,lat,lng,status,progress,"startDate","endDate","contractValue",billed,"coverColor","createdAt","updatedAt") VALUES
  ('48ddd9c7-c3d7-483b-af06-6f6d0040f266','cb3e8939-921d-4507-8510-f57176adc8f1','a114c2ae-ee1e-4c14-b565-f91492473e65','59f257fc-0210-4532-a4a7-49d6b2ac48b5','PRJ-2026-018','Exploración Cerro Matoso Sur 2026','Perforación diamantina','La Guajira',11.45,-72.95,'ACTIVE',68,'2026-02-01T00:00:00'::timestamp,'2026-09-30T00:00:00'::timestamp,2400000000,1632000000,'#0A2540',NOW(),NOW()),
  ('ebf89c6e-b31d-4352-b341-6ff244f13e60','cb3e8939-921d-4507-8510-f57176adc8f1','66d61774-6ec6-4e4f-af75-f10ca6b45ba9','bdefd27b-64d2-4df4-9b8d-cfdcf5611db8','PRJ-2026-021','Levantamiento geofísico La Jagua','Magnetometría aérea','Cesar',9.55,-73.32,'ACTIVE',42,'2026-03-10T00:00:00'::timestamp,'2026-07-15T00:00:00'::timestamp,1180000000,495000000,'#1E3A8A',NOW(),NOW()),
  ('6c9c70de-b67d-4d50-89a4-3c320501c149','cb3e8939-921d-4507-8510-f57176adc8f1','509e99cc-442c-4231-9b23-b19c92b77a04','59f257fc-0210-4532-a4a7-49d6b2ac48b5','PRJ-2026-024','Sondeos Buriticá Fase III','Perforación + Geología','Antioquia',6.72,-75.91,'ACTIVE',81,'2026-01-15T00:00:00'::timestamp,'2026-08-30T00:00:00'::timestamp,3120000000,2527000000,'#B45309',NOW(),NOW()),
  ('a6ea1e84-df16-4dc8-b085-4a7102acc716','cb3e8939-921d-4507-8510-f57176adc8f1','a721833b-751e-4d81-ba78-8f40ac19c85c','bdefd27b-64d2-4df4-9b8d-cfdcf5611db8','PRJ-2026-026','Mediciones IP Segovia Norte','Geofísica IP','Antioquia',7.07,-74.7,'PAUSED',23,'2026-04-05T00:00:00'::timestamp,'2026-10-20T00:00:00'::timestamp,860000000,198000000,'#047857',NOW(),NOW()),
  ('1842a7d4-4b1f-4f85-8391-eb13802091c7','cb3e8939-921d-4507-8510-f57176adc8f1','a721833b-751e-4d81-ba78-8f40ac19c85c','bd589648-c39c-4e1b-9751-ee25f231628d','PRJ-2026-029','Pozos exploratorios El Bagre','Perforación RC','Antioquia',7.61,-74.81,'ACTIVE',55,'2026-02-20T00:00:00'::timestamp,'2026-08-10T00:00:00'::timestamp,1540000000,847000000,'#0EA5E9',NOW(),NOW()),
  ('47f88ef7-dd8d-40ac-b0ca-84c1ed489968','cb3e8939-921d-4507-8510-f57176adc8f1','6a05590f-978c-42c0-878b-cdd9647a36ad','59f257fc-0210-4532-a4a7-49d6b2ac48b5','PRJ-2026-031','Programa Marmato Profundo','Perforación diamantina','Caldas',5.47,-75.6,'ALERT',12,'2026-04-22T00:00:00'::timestamp,'2026-12-15T00:00:00'::timestamp,2980000000,357000000,'#6D28D9',NOW(),NOW()),
  ('37bdd652-34bf-48a5-befd-a663f876593f','cb3e8939-921d-4507-8510-f57176adc8f1','379324b1-e7bc-4622-af97-f7063920a05a','bdefd27b-64d2-4df4-9b8d-cfdcf5611db8','PRJ-2026-033','Cuenca carbonífera Boyacá','Topografía + Geología','Boyacá',5.55,-73.36,'ACTIVE',38,'2026-03-28T00:00:00'::timestamp,'2026-09-05T00:00:00'::timestamp,1120000000,425000000,'#334155',NOW(),NOW()),
  ('e5e6f2f3-02c4-45b2-9a8b-d67e31a7ddff','cb3e8939-921d-4507-8510-f57176adc8f1','a114c2ae-ee1e-4c14-b565-f91492473e65','59f257fc-0210-4532-a4a7-49d6b2ac48b5','PRJ-2025-099','Cierre Cerrejón Tabaco Sur','Perforación diamantina','La Guajira',11.18,-72.82,'COMPLETED',100,'2025-08-01T00:00:00'::timestamp,'2026-01-28T00:00:00'::timestamp,1840000000,1840000000,'#0A2540',NOW(),NOW())
ON CONFLICT DO NOTHING;

INSERT INTO wells (id,"tenantId","projectId",code,type,"utmE","utmN","utmZ","depthCurrent","depthTarget",bit,azimuth,dip,status,"createdAt","updatedAt") VALUES
  ('62604ce6-aaa0-486a-bd7c-a327c1179f7d','cb3e8939-921d-4507-8510-f57176adc8f1','48ddd9c7-c3d7-483b-af06-6f6d0040f266','DDH-2026-074','Diamantina',1093540,1727854,245,217.4,320,'Diamantina HQ',270,-65,'ACTIVE',NOW(),NOW()),
  ('34f77eb6-744a-41b7-94fa-990d08bd0f89','cb3e8939-921d-4507-8510-f57176adc8f1','48ddd9c7-c3d7-483b-af06-6f6d0040f266','DDH-2026-075','Diamantina',1093610,1727930,248,142.8,280,'Diamantina NQ',280,-60,'ACTIVE',NOW(),NOW()),
  ('b241801d-5193-4e52-8337-3abdddfb98e0','cb3e8939-921d-4507-8510-f57176adc8f1','6c9c70de-b67d-4d50-89a4-3c320501c149','DDH-2026-076','Diamantina',843770,742190,1840,318.7,350,'Diamantina HQ',95,-70,'ACTIVE',NOW(),NOW()),
  ('4e4b60ba-5c7d-49ca-93c6-e360d37d39ec','cb3e8939-921d-4507-8510-f57176adc8f1','6c9c70de-b67d-4d50-89a4-3c320501c149','DDH-2026-077','Diamantina',843810,742205,1842,274.2,340,'Diamantina HQ',95,-70,'ACTIVE',NOW(),NOW()),
  ('7246c8fb-8b88-40f8-bb41-69dba72a628f','cb3e8939-921d-4507-8510-f57176adc8f1','1842a7d4-4b1f-4f85-8391-eb13802091c7','RC-2026-018','Aire reverso (RC)',834520,840110,120,88,200,'Tricono 5 7/8"',0,-90,'PAUSED',NOW(),NOW()),
  ('f57a0585-b5f8-42c6-ae8f-b00f31e634ac','cb3e8939-921d-4507-8510-f57176adc8f1','47f88ef7-dd8d-40ac-b0ca-84c1ed489968','DDH-2026-078','Diamantina',836210,605110,1620,42.5,400,'Diamantina HQ',180,-75,'ALERT',NOW(),NOW()),
  ('f403c695-db34-4d4e-8d26-10b4984d783e','cb3e8939-921d-4507-8510-f57176adc8f1','48ddd9c7-c3d7-483b-af06-6f6d0040f266','DDH-2026-073','Diamantina',1093488,1727770,244,320,320,'Diamantina HQ',270,-65,'COMPLETED',NOW(),NOW()),
  ('42d75594-650b-4f57-9eed-b3af2e9e912e','cb3e8939-921d-4507-8510-f57176adc8f1','1842a7d4-4b1f-4f85-8391-eb13802091c7','RC-2026-019','Aire reverso (RC)',834570,840150,118,132,220,'Tricono 5 7/8"',0,-90,'ACTIVE',NOW(),NOW())
ON CONFLICT DO NOTHING;

INSERT INTO equipment (id,"tenantId","projectId",code,type,brand,model,hours,"fuelRate",status,"lastMaint","nextMaint","createdAt","updatedAt") VALUES
  ('ce2f1724-5d86-4cfd-8902-15ccca23ad7d','cb3e8939-921d-4507-8510-f57176adc8f1','48ddd9c7-c3d7-483b-af06-6f6d0040f266','PERF-001','Perforadora','Atlas Copco Christensen','CT20',4280,4.6,'OPERATIONAL','2026-04-12'::timestamp,'2026-05-18'::timestamp,NOW(),NOW()),
  ('25e578f6-7cf3-4808-94f6-b79d064402d9','cb3e8939-921d-4507-8510-f57176adc8f1','6c9c70de-b67d-4d50-89a4-3c320501c149','PERF-002','Perforadora','Boart Longyear','LF90',5612,5.1,'MAINTENANCE','2026-03-30'::timestamp,'2026-05-15'::timestamp,NOW(),NOW()),
  ('b9688377-bbbd-43ac-88e0-06294baa2455','cb3e8939-921d-4507-8510-f57176adc8f1','1842a7d4-4b1f-4f85-8391-eb13802091c7','PERF-003','Perforadora','Schramm','T685WS',3120,6.8,'OPERATIONAL','2026-04-25'::timestamp,'2026-06-05'::timestamp,NOW(),NOW()),
  ('d608cf75-9433-46ad-9911-8cf1d30ea962','cb3e8939-921d-4507-8510-f57176adc8f1','47f88ef7-dd8d-40ac-b0ca-84c1ed489968','PERF-004','Perforadora','Sandvik','DE712',1880,4.9,'OPERATIONAL','2026-04-30'::timestamp,'2026-06-12'::timestamp,NOW(),NOW()),
  ('0a2bb998-6544-4786-99d2-815faa783699','cb3e8939-921d-4507-8510-f57176adc8f1','48ddd9c7-c3d7-483b-af06-6f6d0040f266','CAM-014','Camioneta','Toyota','Hilux 2024',38420,11.3,'OPERATIONAL','2026-04-02'::timestamp,'2026-05-22'::timestamp,NOW(),NOW()),
  ('4f1c5ae7-51a2-4fcf-ab54-082f2c5ac009','cb3e8939-921d-4507-8510-f57176adc8f1','6c9c70de-b67d-4d50-89a4-3c320501c149','CAM-015','Camioneta','Toyota','Hilux 2024',22115,10.8,'MAINTENANCE','2026-03-15'::timestamp,'2026-05-10'::timestamp,NOW(),NOW()),
  ('0af46c8b-39dc-49d6-8d66-6cb1044baf6c','cb3e8939-921d-4507-8510-f57176adc8f1','ebf89c6e-b31d-4352-b341-6ff244f13e60','CAM-016','Camioneta','Nissan','Frontier',41280,12.4,'OPERATIONAL','2026-04-18'::timestamp,'2026-06-01'::timestamp,NOW(),NOW()),
  ('6b461d99-640e-459d-bbfb-cc54c4a5c2b2','cb3e8939-921d-4507-8510-f57176adc8f1','a6ea1e84-df16-4dc8-b085-4a7102acc716','GEN-003','Generador','Cummins','C150D5',2480,14,'OUT','2026-02-12'::timestamp,'2026-04-30'::timestamp,NOW(),NOW()),
  ('d3361439-7a27-4aea-8b97-b3d8f215123e','cb3e8939-921d-4507-8510-f57176adc8f1','6c9c70de-b67d-4d50-89a4-3c320501c149','RET-002','Retroexcavadora','Caterpillar','320D',6890,18.2,'OPERATIONAL','2026-04-10'::timestamp,'2026-06-08'::timestamp,NOW(),NOW())
ON CONFLICT DO NOTHING;

INSERT INTO opportunities (id,"tenantId","clientId","ownerId",name,amount,prob,stage,"closeDate","nextAction","createdAt","updatedAt") VALUES
  ('1a27028a-3692-4641-a28c-eef19c079cdb','cb3e8939-921d-4507-8510-f57176adc8f1','66d61774-6ec6-4e4f-af75-f10ca6b45ba9','80c92515-5082-4c04-b169-d7ffb11523df','Programa exploración Cesar Norte',1850000000,30,'prospect','2026-08-15'::timestamp,'Llamada de descubrimiento',NOW(),NOW()),
  ('1cfbb1d6-c937-4ae0-a9f6-df06a4052f81','cb3e8939-921d-4507-8510-f57176adc8f1','66d61774-6ec6-4e4f-af75-f10ca6b45ba9','80c92515-5082-4c04-b169-d7ffb11523df','Sondeos geotécnicos Drummond',720000000,25,'prospect','2026-09-01'::timestamp,'Enviar one-pager',NOW(),NOW()),
  ('1b8966c1-5987-4776-a9db-06e7e698a44e','cb3e8939-921d-4507-8510-f57176adc8f1','a114c2ae-ee1e-4c14-b565-f91492473e65','80c92515-5082-4c04-b169-d7ffb11523df','Magnetometría Cerrejón Norte',1120000000,50,'qualification','2026-07-25'::timestamp,'Visita técnica',NOW(),NOW()),
  ('9bc22098-6f14-4dff-a2ef-908df602c910','cb3e8939-921d-4507-8510-f57176adc8f1','a721833b-751e-4d81-ba78-8f40ac19c85c','80c92515-5082-4c04-b169-d7ffb11523df','Topografía minera Mineros S.A.',430000000,55,'qualification','2026-07-12'::timestamp,'Confirmar alcance',NOW(),NOW()),
  ('e5a7d64e-86d3-4a61-be08-d49dddb9760a','cb3e8939-921d-4507-8510-f57176adc8f1','509e99cc-442c-4231-9b23-b19c92b77a04','80c92515-5082-4c04-b169-d7ffb11523df','Renovación contrato Buriticá',3650000000,70,'proposal','2026-06-30'::timestamp,'Reunión seguimiento',NOW(),NOW()),
  ('664fc801-3208-4868-85a9-8f9688341cad','cb3e8939-921d-4507-8510-f57176adc8f1','6a05590f-978c-42c0-878b-cdd9647a36ad','80c92515-5082-4c04-b169-d7ffb11523df','Pozos exploratorios Marmato Sur',2120000000,60,'proposal','2026-07-05'::timestamp,'Aclarar precios',NOW(),NOW()),
  ('aee00822-722e-4bfc-b64b-2df2c61d721c','cb3e8939-921d-4507-8510-f57176adc8f1','379324b1-e7bc-4622-af97-f7063920a05a','80c92515-5082-4c04-b169-d7ffb11523df','Geofísica Carbones del Cesar',880000000,80,'negotiation','2026-06-10'::timestamp,'Negociar plazos',NOW(),NOW()),
  ('cd497882-33be-43b0-bb91-970f43770098','cb3e8939-921d-4507-8510-f57176adc8f1','509e99cc-442c-4231-9b23-b19c92b77a04','80c92515-5082-4c04-b169-d7ffb11523df','Servicios integrales Continental',4980000000,85,'negotiation','2026-06-20'::timestamp,'Firma directiva',NOW(),NOW()),
  ('bfb73ae7-a567-4940-af53-f243e5ad450b','cb3e8939-921d-4507-8510-f57176adc8f1','a114c2ae-ee1e-4c14-b565-f91492473e65','80c92515-5082-4c04-b169-d7ffb11523df','Diamantina Cerrejón Ext.',2640000000,95,'close','2026-05-28'::timestamp,'Firma de contrato',NOW(),NOW()),
  ('bdef9916-1b09-4c9a-afbc-56e20174acee','cb3e8939-921d-4507-8510-f57176adc8f1','a721833b-751e-4d81-ba78-8f40ac19c85c','80c92515-5082-4c04-b169-d7ffb11523df','Programa anual Mineros S.A.',1780000000,100,'close','2026-05-22'::timestamp,'Cerrado/Ganado',NOW(),NOW())
ON CONFLICT DO NOTHING;

INSERT INTO incidents (id,"tenantId","projectId",type,severity,description,status,"occurredAt","reportedBy","createdAt","updatedAt") VALUES
  ('3591b6f0-d3ea-4e4b-ade1-d3f6902cb735','cb3e8939-921d-4507-8510-f57176adc8f1','48ddd9c7-c3d7-483b-af06-6f6d0040f266','NEAR_MISS','MEDIUM','Trabajador resbaló cerca del pozo DDH-2026-074. Sin lesiones.','CLOSED','2026-05-10T08:30:00'::timestamp,'Ana Vélez',NOW(),NOW()),
  ('57d3fac5-3679-4613-981d-0a059710d7ed','cb3e8939-921d-4507-8510-f57176adc8f1','6c9c70de-b67d-4d50-89a4-3c320501c149','ACCIDENT','LOW','Golpe menor en mano durante manipulación de tubería.','CLOSED','2026-05-08T14:00:00'::timestamp,'Ana Vélez',NOW(),NOW()),
  ('c264c48e-ec10-4737-b6be-cd42d5bff73a','cb3e8939-921d-4507-8510-f57176adc8f1','1842a7d4-4b1f-4f85-8391-eb13802091c7','ENVIRONMENTAL','LOW','Derrame menor de lubricante. Contenido y limpiado.','INVESTIGATING','2026-05-05T11:15:00'::timestamp,'Ana Vélez',NOW(),NOW()),
  ('e3419b1e-92e4-48ee-9e79-005d2d4d8148','cb3e8939-921d-4507-8510-f57176adc8f1','47f88ef7-dd8d-40ac-b0ca-84c1ed489968','NEAR_MISS','HIGH','Falla de winche durante extracción de núcleo. Sin lesiones.','OPEN','2026-05-01T16:45:00'::timestamp,'Ana Vélez',NOW(),NOW()),
  ('de19f4a4-edfe-4938-b3c4-86c4bc3cfd32','cb3e8939-921d-4507-8510-f57176adc8f1','6c9c70de-b67d-4d50-89a4-3c320501c149','PROPERTY_DAMAGE','MEDIUM','Daño a manguera hidráulica del equipo PERF-002.','CLOSED','2026-04-28T09:00:00'::timestamp,'Ana Vélez',NOW(),NOW())
ON CONFLICT DO NOTHING;